epic,story_id,round,timestamp,question_id,question_category,question,summary,result,severity,confidence,remediation_complexity,root_cause_category,evidence_files
"nip17-timestamp-lookback","01",1,"2026-02-10T23:32:00Z","VQ-01-001","TEST","Do property-based tests verify NIP-17 timestamp randomization coverage?","Property tests P006 and P007 pass with 100 and 1000 test cases respectively. P006 validates 3-day window covers all NIP-17 randomization offsets; P007 confirms no events within 2-day randomization are missed. Both properties pass successfully.","pass",9,0.95,"na","na","src/main/nostling/subscription-lookback.test.ts:131-151;src/main/nostling/subscription-lookback.test.ts:153-181"
"nip17-timestamp-lookback","01",1,"2026-02-10T23:32:00Z","VQ-01-002","SPEC","Is the 3-day lookback window correctly applied to kind 1059 events?","Implementation correctly applies conditional logic: kind === 1059 uses NIP17_TIMESTAMP_WINDOW (259200 seconds = 3 days), else uses FIRST_STREAM_LOOKBACK. Logic is applied in startSubscription filtersWithSince mapping at line 1433.","pass",10,0.98,"na","na","src/main/nostling/service.ts:71;src/main/nostling/service.ts:1433"
"nip17-timestamp-lookback","01",1,"2026-02-10T23:32:00Z","VQ-01-003","SPEC","Is the 24-hour lookback preserved for kind 4 and other event types?","Tests P002 (kind 4) and P008 (backward compatibility) pass with 100 runs each. P002 explicitly verifies kind 4 uses FIRST_STREAM_LOOKBACK (86400 seconds = 24 hours). P008 confirms original behavior unchanged for kind 4 with and without stored timestamps.","pass",10,0.98,"na","na","src/main/nostling/subscription-lookback.test.ts:43-60;src/main/nostling/subscription-lookback.test.ts:185-208"
"nip17-timestamp-lookback","01",1,"2026-02-10T23:32:00Z","VQ-01-004","ARCHITECTURE","Is the lookback window selection localized to startSubscription method?","Codebase search confirms NIP17_TIMESTAMP_WINDOW appears only in: (1) constant declaration at line 71, (2) test file imports, and (3) startSubscription method at line 1433. No duplication or other usages found. Implementation is properly localized.","pass",9,0.99,"na","na","src/main/nostling/service.ts:71;src/main/nostling/service.ts:1433"
"nip17-timestamp-lookback","01",1,"2026-02-10T23:32:00Z","VQ-01-005","QUALITY","Are the constants clearly documented with rationale?","Constant declared at line 71 with inline comment: '3 days for NIP-17 gift wraps (2d randomization + 1d buffer)'. startSubscription has additional comment at lines 1425 explaining rationale. Documentation is clear and precise.","pass",8,0.95,"na","na","src/main/nostling/service.ts:71;src/main/nostling/service.ts:1425"
"nip17-timestamp-lookback","01",1,"2026-02-10T23:32:00Z","VQ-01-006","TEST","Do tests verify the mathematical relationship between windows?","Test P001 explicitly asserts that NIP17_TIMESTAMP_WINDOW (3 days = 259200 seconds) is greater than FIRST_STREAM_LOOKBACK (1 day = 86400 seconds). Assertion at line 36 confirms this relationship with 100 test runs. Property verified deterministically.","pass",9,0.99,"na","na","src/main/nostling/subscription-lookback.test.ts:22-41"
"nip17-timestamp-lookback","01",1,"2026-02-10T23:32:00Z","VQ-01-007","SPEC","Does the implementation handle both first subscription and resumption scenarios?","startSubscription logic at lines 1435-1437 correctly handles both: (1) lastTimestamp ? (lastTimestamp - CLOCK_SKEW_BUFFER) for resumption, (2) (now - lookbackWindow) for first subscription. Both paths apply kind-specific window selection. E2E-003 test confirms behavior for both scenarios.","pass",10,0.99,"na","na","src/main/nostling/service.ts:1430-1437;src/main/nostling/subscription-lookback.test.ts:263-284"
"nip17-timestamp-lookback","01",1,"2026-02-10T23:32:00Z","VQ-01-008","QUALITY","Is the clock skew buffer applied consistently across all event kinds?","Test P004 verifies CLOCK_SKEW_BUFFER (60 seconds) is subtracted uniformly from lastTimestamp for all kinds (tested with kinds 4 and 1059). Test passes with 100 runs. Implementation at line 1436 shows consistent application regardless of kind.","pass",9,0.97,"na","na","src/main/nostling/subscription-lookback.test.ts:85-100;src/main/nostling/service.ts:1436"
"nip17-timestamp-lookback","01",1,"2026-02-10T23:32:00Z","VQ-01-DEAD","QUALITY","Is there any dead code introduced by this story?","Codebase analysis finds no unused constants or functions. NIP17_TIMESTAMP_WINDOW is used in: (1) service.ts line 1433 in startSubscription, (2) test file with duplicated constant for isolation. getMinTimestampForKind is called at line 1430. All imports in test and service files are active. No dead code detected.","pass",8,0.96,"na","na","src/main/nostling/service.ts;src/main/nostling/subscription-lookback.test.ts"
"nip17-timestamp-lookback","01",1,"2026-02-10T23:32:00Z","VQ-01-DUP","QUALITY","Are there any duplicate implementations?","Search across service.ts, polling.ts context, and other event processing files reveals no duplicate lookback window logic. Timestamp calculation appears only in: (1) startSubscription method (lines 1426-1440), (2) pollMessages method (uses kind-agnostic logic with getMinTimestampForKind). Kind-specific selection is centralized in one location. No duplication found.","pass",9,0.98,"na","na","src/main/nostling/service.ts:1019-1057;src/main/nostling/service.ts:1426-1440"
"nip17-timestamp-lookback","01",1,"2026-02-10T23:32:00Z","VQ-01-INT","TEST","Do integration tests validate the story's workflow?","Test P007 'Events with randomized timestamps within 2 days are not missed' covers end-to-end scenarios with 1000 test cases. Tests verify: (1) event timestamp within subscription window, (2) would be missed with old 24h window, (3) deterministic behavior for all randomization offsets 0-2 days. Additionally, E2E-001 and E2E-003 scenarios provide complete workflow validation. Comprehensive coverage achieved.","pass",10,0.99,"na","na","src/main/nostling/subscription-lookback.test.ts:153-181;src/main/nostling/subscription-lookback.test.ts:212-239"
